first_name,last_name
Micah,Cartmel
Gisele,Fradson
Helaine,Hayden
Craggie,Ismead
Karney,Dunster
Julienne,Sandwich
Pearline,Measom
Thorin,O'Hartnedy
Zeb,Hellwing
Anna-maria,Witchalls
Alena,Bladder
Gordan,Stace
Maure,Claessens
Derk,Jackling
Moyna,Gylle
Madelene,Westcot
Midge,Brunsden
Lexis,Mellem
Caz,Martschke
Hall,Bowstead
Baryram,Coulthard
Binky,Stoven
Mella,Kynett
Shelton,Matuschek
Noelyn,Peirone
Helena,Rabley
Clay,Beddows
Grier,Soaper
Thibaud,Rowntree
Sibyl,Defries
Heindrick,Lidierth
Hayden,Morshead
Evita,Novakovic
Roma,Oda
Alick,Penrith
Celie,Netherwood
Blinnie,Doubleday
Zerk,McGrann
Crosby,Lacknor
Meggy,Emmet
Loutitia,Peris
Sabrina,Fortescue
Heida,Gainforth
Mame,Cowdroy
Leonardo,Dallman
Xenos,Laddle
Taber,Trembley
Pietra,Rentcome
Giusto,Friese
Clotilda,Pidler
Ryun,Olech
Araldo,Schoroder
Teddy,Furmonger
Morley,Nilges
Alexandro,McBayne
Read,Castagne
Piggy,Elgar
Bridie,Iorizzi
Leighton,Losbie
Kit,Peerman
Nettie,Gandrich
Lowe,Peirson
Rene,Santo
Rosabelle,Dalzell
Sutherlan,Jenkinson
Vasilis,Ehrat
Cleopatra,Assante
Lissa,Pendre
Svend,Wanek
Annalise,Fidelus
Bayard,Broughton
Ramon,Stapleford
Dyna,Felgate
Gauthier,Gouldthorpe
Ralf,Hallaways
Gregor,Basketfield
Ario,Harcarse
Standford,Avison
Tadio,Gritsaev
Doe,MacDermot
Gill,Stinton
Jed,McAllan
Tiffanie,Glide
Talbert,Ide
Cathie,Bathurst
Delainey,Martynka
Normy,Sharpless
Idette,Tozer
Jarrid,Oxenham
Sigismund,Danielot
Margit,Richarz
Arman,Barendtsen
Leo,Matveichev
Nathan,Kaley
Teri,Walkling
Seward,Gipp
Linn,Dadge
Aggie,Thurner
Melania,Cardero
Georgianne,Widdison
Efrem,Bricklebank
Mariann,Idle
Barton,Durman
Andra,Gateland
Issie,Reddington
Myron,Minshull
Abey,Brugemann
Arlinda,Tyhurst
Norah,Lubeck
Tova,Howgego
Elwood,Moralis
Aarika,Raselles
Giulietta,Dyerson
Alan,Fere
Weber,Ghilardi
Darice,Luttgert
Elfie,Moncur
Gae,Simpkin
Edgard,Burchnall
Storm,Baynes
Adeline,Dickons
Corty,Scriver
Erny,Worthy
Lucky,Draisey
Wilie,Isaak
Melody,Gowan
Jesse,Jerwood
Truman,Klassman
Hartwell,Petyt
Beatrisa,Lisciandro
Glenn,Eskriett
Giffard,Chandler
Hogan,Stratton
Christa,Salerg
Benedikta,Sciacovelli
Kirsti,Burnhard
Dallon,Gasparro
Tiffany,Eddington
Teddy,Laphorn
Osborne,De Malchar
Carney,Tellesson
Benedicto,Surman-Wells
Meghann,Slyme
Jo-ann,Durrell
Clarita,Dowglass
Costanza,Cuttin
Juliet,Orsay
Annie,Sabathier
Gloria,Mugleston
Julian,Valerius
Boot,Trounce
Titus,Connolly
Ellie,Saldler
Garrard,Drewett
Codi,Gallyon
Guthry,Pasfield
Worth,Scarf
Siana,Vondrach
Franzen,Casebourne
Thomasin,Duckitt
Enrika,Christofe
Danella,Myderscough
Roberta,Raynham
Leonerd,Skim
Beaufort,Couthard
Willis,Garriock
Rosalinda,Walton
Whitby,Lappin
Geordie,Foster-Smith
Laraine,Leschelle
Arie,Biscomb
Vanya,Hilbourne
Davey,Ryley
Alex,Handslip
Karolina,Kemell
Abagael,Rhydderch
Melina,Liebrecht
Willie,Wakeford
Cassey,Le Marquis
Leena,Stitt
Charlotta,Labbati
Lenka,Southerns
Camellia,Jindrich
Boonie,Connah
Nomi,Laden
Blondelle,Gouldeby
Tarra,Wanjek
Ofella,Di Carli
Avery,Moppett
Shirlene,Loades
Courtnay,Sustins
Palm,Petrenko
Ferdinanda,Coombes
Etti,Addison
Roshelle,Petera
Angel,Langthorne
Joline,Stannus
Judah,Garvill
Francisca,Madgewick
Raf,Dutnall
Wren,Eardley
Torin,Clayworth
Madalyn,Tatlowe
Kelly,Dancey
Tommy,Ffrench
Olly,Broadley
Karlis,Biddlecombe
Aldon,Iori
Jeromy,Merioth
Simon,Gummoe
Alejandra,McRobbie
Daisie,Nutkin
Fabe,Phipps
Christal,Hordle
Prisca,Linacre
Cindy,Nother
Ahmad,Brind
Christopher,Gregine
Aharon,Newbery
Vernon,Kippins
Deanna,Mayhow
Davey,Newtown
Emelda,Wimbush
Zelda,Stapells
Weston,Danielsson
Sharona,Keppe
Maryanne,Treen
Marven,Hevner
Seana,Croote
Arlie,Tomkins
Vivyan,Dixon
Brooks,Melendez
Alejandro,Elvey
Verla,Effaunt
Cornie,Polfer
Stuart,Flute
Inigo,Wigan
Hagan,Vasilkov
Patrizia,Moores
Cherice,Rogers
Bent,Corney
Boycie,Laise
Billie,Jackalin
Clarke,Moreton
Rebeca,Gladbach
Kit,Chatfield
Zaneta,Wittleton
Leeann,Fancy
Meredith,Medley
Augustin,Eaglestone
Colan,Rowes
Sande,Taggett
Quent,Iglesias
Colas,Hardwin
Patty,Slocom
Care,De Few
Kendre,Basezzi
Far,Jordon
Paton,Burtwistle
Whitman,Battelle
Niki,Poulston
Kalil,Skace
Jenni,Ebben
Gayler,Sicily
Sherie,Brigg
Gianni,Scutter
North,Sinnett
Moses,Tidbold
Anneliese,Moorey
Bartlet,Liddle
Marquita,Grishukhin
Torey,Bowring
Barbette,Pevreal
Benjamen,Triggel
Lamond,Wallentin
Dorian,Parkey
Cyndia,Dedden
Elga,Stearley
Alexandra,Faithfull
Lydon,Loiterton
Gare,Blowing
Delainey,MacCrosson
Sharon,Stolberg
Cesare,Baudone
Jacquette,Meeson
Alfie,Horder
Davide,Bassano
Bent,Edington
Constantino,Gethings
Merissa,Eingerfield
Cassi,Kopacek
Mair,Nolan
Kylie,Blything
Angel,Rizzini
Gabi,Kiehl
Rudiger,Strother
Salvatore,Rahl
Sammie,Rushmer
Eda,Zima
Cassi,Jiggens
Salli,Oseman
Kendra,Jirousek
Vivi,Gallety
Eulalie,Gaunson
Trula,Cowup
Alvira,Duns
Orel,Kabisch
Tuckie,Dilliway
Ford,Westmoreland
Leland,Dunsleve
Lelah,Gilloran
Beulah,Kesterton
Fawn,Jephson
Gisela,McAvey
Killie,Mulderrig
Mendy,Upham
Kellina,Beringer
Bunnie,Sheaf
Diego,Cubbino
Hyacinthie,Gammill
Toni,Spellissy
Rachael,Pilsworth
Willie,Binny
Floyd,Husher
Garfield,Keeley
Wilow,Handman
Brock,Gytesham
Rubia,Elphinston
Kerwinn,Amdohr
Donielle,Adolf
Kingsly,Martynikhin
Eleen,Pridie
Jennica,Roisen
Roderigo,Theobalds
Brnaby,Babidge
Alaster,Yegorev
Wye,Deveral
Lucho,Popley
Phyllis,Della Scala
Dewey,Guile
Jana,Caygill
Devora,Skull
Claudianus,Urien
Britteny,Monro
Phillida,Grewes
Rowen,Reinmar
Franny,Rignoldes
Clare,Coffey
Carlita,Stainton
Gram,Raymen
Padget,Whitecross
Gloria,Shale
Barney,Drinan
Seward,Becker
Monty,Lyard
Jordanna,Goodayle
Bentlee,Minshall
Aldis,Crowd
Jillian,Wanderschek
Bruis,Matussov
Idalia,Vella
Kahaleel,Pestell
Eolanda,Keerl
Milo,Forrington
Phyllis,Wadley
Kinnie,Gillbee
Joletta,Coath
Josias,Ducroe
Quinn,Iacovacci
Terrijo,Bartolacci
Zitella,Saenz
Karel,O'Hannigan
Fredericka,Sproul
Angelina,Whorton
Heddi,Fellona
Meghann,Lynch
Minne,Hunnable
Kaela,Rolph
Ross,Fareweather
Janela,Bechley
Abbe,Berrey
Piggy,Killbey
Matt,Ravenscraft
Andrej,Tethcote
Jayne,Klass
Siana,Vonderdell
Reuben,Mathe
Alic,Lackington
Orelle,Westell
Sherry,Vitler
Gwyneth,Caesman
Warren,Welham
Padget,Leere
Aristotle,McKitterick
Whitman,Kynston
Jacquelynn,McElory
Tyler,Rainsden
Irene,Crehan
Nicolais,Carvill
Humfrey,Bishopp
Mel,Hopfer
Debee,Westphalen
Carolin,Bucksey
Brianne,Biffin
Glenn,Latore
Wynn,Erangy
Forest,Fitzsymon
Ema,Burniston
Hobie,Stent
Juan,Boal
Gwendolen,Perris
Allis,Toop
Allix,Lodewick
Vasilis,Keay
Bernie,Adamson
Hilde,Shedden
Franky,Storey
Everett,Lazer
Kerwinn,Beakes
Colver,Belson
Reese,Baudassi
Benito,Okill
Clemence,Tunnow
Chet,Shiers
Augy,Stonier
Madelin,Burrel
Crosby,Romney
Annmarie,Banister
Cassey,Gamil
Marlin,Rockhill
Billi,Pescott
Isahella,Stoffel
Heddi,Stapels
Orlando,Wellard
Gussi,Feehily
Morgana,Davidovsky
Orran,Tigner
Bret,Casaro
Lucius,Elby
Sigrid,Cheverton
Valeria,Quinell
Cathi,Lehenmann
Dianemarie,Jantzen
Marcello,Wheal
Jeralee,Pitfield
Harwell,Syphas
Hammad,Sivell
Reggie,Pear
Meredith,De Biaggi
Blythe,Auden
Ancell,Klosa
Luce,Shillum
Maxy,Uzzell
Halley,Braga
Kiah,Penchen
Elwira,Puttock
Burr,Moline
Dmitri,Blackley
Willey,Lomath
Colline,Brosio
Christophe,Tonry
Sibilla,Mottershaw
Delano,Baptist
Hillard,Oldrey
Deina,Downey
Aliza,Tschirasche
Jaymee,Maffulli
Mick,Haslock(e)
Devi,Chene
Crista,McKane
Tades,Juara
Welbie,Dunnett
Goldarina,Brumpton
Sabina,Nornable
Delcine,Batterham
Cy,Gerler
Barbabas,Beavington
Drew,Belford
Chicky,Kupec
Zulema,Giller
Rhoda,Deinert
Charissa,Bollen
Lanny,Keppie
Aura,Matusevich
Maegan,Sherville
Marlie,Hurle
Alina,Escolme
Gardiner,Bento
Hardy,Reeson
Sloan,Maskall
Koral,Airy
Zeke,Ferneley
Elene,McBoyle
Katharyn,Klishin
Leonerd,Climance
Roselia,Dudbridge
Teresa,Cramphorn
Willem,Itzchaki
Nara,Ianni
Korney,Rother
Port,Wolfindale
Carolann,Quinn
Aland,Fryers
Cristabel,Becker
Ronda,Huerta
Darice,Mundle
Stacee,Menauteau
Molli,Dobing
Shirleen,Piner
Berty,Skudder
Eveline,Piola
Alfie,Foster
Davey,Eagling
Jaye,Glaves
Leta,Studd
Kathryn,Emtage
Loria,Biddles
Guinevere,Shorrock
Shelba,Jeaneau
Alyssa,Spillard
Josi,Lindores
Torin,Fisbey
Rosemarie,Levison
Bax,Wride
Dasi,Bulfield
Estelle,Dunning
Maggie,Angless
Eliza,Thomke
Lauri,Stops
Donall,Kayzer
Claudetta,Thurstan
Laura,McIlwrath
Regan,Josefsen
Kristen,Dorney
Kristos,Gytesham
Rainer,Ferryn
Toby,Buffy
Clari,Balas
Ellissa,Shobrook
Milty,Pleavin
Ralina,Barrick
Willyt,Caddies
Laurette,Gilchrist
Eddy,De Brett
Gan,Asprey
Hazlett,Oxenden
Kirsten,Scotfurth
Kerstin,Wintle
Berne,Locker
Margaret,Ferenczi
Davine,Barttrum
Tracey,Silman
Ynez,Drewe
Zarla,Soan
Harper,Ridler
Elmo,Graffin
Olenolin,Seabrook
Drona,Worral
Florinda,Riddett
Remus,Jouning
Brennan,Bleiman
Sheena,Yepiskopov
Curran,Pentony
Theda,Branni
Myrna,Espinosa
Claudianus,Terbruggen
Normie,Shatliff
Leonhard,Diack
Merl,Ashwell
Wolf,Bengtson
Owen,Camier
Lissa,Morad
Immanuel,Purver
Miller,Geekin
Pearline,Hurles
Neala,Seymark
Ansel,Fielden
Brant,Thewys
Robbin,Jertz
Angie,Pocock
Loree,Parkyn
Corbie,Sellwood
Amandi,Plak
Ezechiel,Morgans
Rivkah,Hornig
Griselda,Gatesman
Darleen,Faltin
Virgina,Akeherst
Lucien,Shearme
Drucill,Andreolli
Sheffy,Sainsbury
Burt,Denington
Ellsworth,Grewes
Nelli,Bugge
Bondy,Loisi
Cassi,Corrin
Mariquilla,Trood
Aldo,McGrale
Karmen,Van Der Vlies
Hurlee,Clayworth
Ninetta,Hans
Barny,Gibbens
Kile,Fasson
Rea,Ca
Reed,Littlejohns
Koren,Angrove
Benton,Starmore
August,McIlvaney
Maximilien,Nijs
Myron,Constantine
Sophia,Fairham
Lula,Londors
Tawsha,Hanes
Egor,Dober
Pauly,McElwee
Vic,Joselevitch
Delbert,Castellan
Karee,Strachan
Gan,Korneev
Alfredo,Voysey
Rea,Pane
Prudence,Montague
Dayna,Dinnies
Enrique,Roocroft
Keslie,Hefforde
Merlina,Alen
Heath,Rossbrooke
Chloe,Rackam
Khalil,Clear
Zebadiah,Mitkov
Charmain,Lothean
Lyssa,Bwye
Humfrey,Turbefield
Travers,Tubbles
Minta,Petracci
Bren,Keenlyside
Elianore,Dunstall
Merell,Stebbings
Jordan,Gilyott
Nathaniel,Chin
Cam,Clash
Kirstyn,Eyer
Gustie,Troillet
Jarrid,Gowry
Danica,Busain
Gaylord,Asmus
Roobbie,Laidler
Kenon,McPhilip
Sonny,Postins
Verile,Pickersgill
Kinny,Juster
Deena,Rochester
Clarette,Puttrell
Charlie,Harnetty
Ania,Inde
Berry,Tidbold
Terri,Messager
Mychal,Raggles
Michelle,Polding
Andeee,Newbigging
Alfy,Hadcock
Elisha,Paulson
Hyacinthia,MacCall
Gwenneth,Joao
Eimile,Greenset
Dorothy,Alonso
Maddy,McCreery
Gloria,Bamlett
Elinore,Agass
Dorey,Buckenham
Cathee,Hallitt
Alys,Olner
Roland,Dent
Valenka,McNea
Aubrey,Starrs
Clyve,Counihan
Cammie,Compston
Case,Conneely
Gertrudis,Feyer
Ashlan,MacNucator
Toddy,McPherson
Jo,Skeggs
Fair,Nazair
Sile,Batman
Dannye,Showler
Wald,Holligan
Jamey,Loughlan
Lars,Lawrence
Chane,De Goey
Bartholomew,Vardey
Reggis,Collomosse
Gerianne,Hanley
Maribelle,Stepto
Fidela,Smorthit
Merci,McKevitt
Hyacinth,Silkstone
Lloyd,Tupp
Patricio,Jurisch
Trudie,Tizzard
Cassius,De Vere
Ezmeralda,Della Scala
Toby,Duplock
Hurleigh,Pyner
Dyanna,Britton
Samuel,Trembey
Patsy,Clendennen
Correy,Follett
Albie,Robbe
Melisent,Lamont
Bertram,Dodds
Rochelle,Ormistone
Terrance,Accombe
Lelah,Conaboy
Arturo,Chicchetto
Issiah,Oris
Odelinda,Harral
Ulric,Ruthven
Peyter,La Grange
Babbette,Clopton
Hobie,Gilardone
Krispin,Puttock
Isobel,Maffulli
Hesther,Akitt
Shelbi,Gifkins
Hadley,Sarsons
Audra,Bothe
Lockwood,Woofenden
Rene,Lethabridge
Ginger,Zanetello
Shantee,Nend
Faye,Gasquoine
Dix,Renfree
Alma,Floch
Marje,McKirdy
Fina,Larman
Rhett,Dupree
Dell,Chantillon
Roseanna,Curnock
Sven,Comber
Rina,Lenox
Lane,Buy
Tallia,Van Der Vlies
Florencia,Chanter
Stinky,Murrells
Renae,Schimke
Lianna,Carnow
Abagael,Mainston
Koralle,Bruin
Ethel,Zuenelli
Marjy,Hansen
Gillian,Huckfield
Mercy,Pieroni
Thebault,Prall
Jamey,Brundill
Joete,Salzen
Bernardina,McMurty
Aurea,Keggins
Darci,Kindell
Margareta,Steet
Merill,Chittim
Lorita,Murrish
Reagan,MacAndie
Lucinda,Quipp
Genovera,Spore
Leanna,Strahan
Guillaume,Flockhart
Zorina,Leyburn
Druci,Squier
Alexa,Buxsy
Pearle,Itscovitz
Leela,Tong
Collette,Cominotti
Susy,Rubert
Nada,Jorio
Nelle,Marre
Cyb,Noblett
Kiele,Shankland
Giovanni,Dominetti
Park,Cabel
Amalle,Josovitz
Kimmi,Rundall
Harlan,Brunstan
Louisa,Tubbles
Herman,Sherbrooke
Margaux,Scarlan
Blisse,Hewins
Shelby,Bartolomeu
Filip,Delf
Yance,Sanzio
Drud,Davidge
Dian,Matzkaitis
Oneida,Kield
Zola,Threadkell
Sinclair,Nouch
Janetta,Dearlove
Patrice,Reay
Ilise,Tellett
Farra,Meharry
Florri,Hawken
Angy,Reiling
Lynea,Broomhead
Lezlie,Wooldridge
Meridith,Zarfai
Paxon,Cuesta
Stefania,Arr
Trudi,Ibbitson
Zora,Newbigging
Larry,Ratley
Lindsey,Tesdale
Mildred,Corbitt
Niel,Ansett
Rob,Clancy
Ned,Conneau
Adham,Pichan
Ettie,Acock
Carmine,Doberer
Shirlee,Sebire
Ruthi,Unwin
Levey,Tofanelli
Vernon,Copes
Kristan,Aughtie
Reine,Meegin
Julianna,Daddow
Nerte,Ghio
Xenia,Tondeur
Josefa,McKeowon
Concettina,Genn
Gussi,Kingdon
Leora,Moreman
Ammamaria,Ammer
Saundra,Hovy
Rouvin,Alcott
Harper,Redley
Lenard,Estabrook
Lynett,Leivers
Kimmy,Rudham
Katharine,Pedroli
Annabal,Haskey
Almeda,Vasin
Clerissa,Redfield
Sal,Ilyenko
Tonya,Dancer
Adora,Bricklebank
Stella,Downey
Revkah,Pesek
Kristan,Shipman
Gearard,Elam
Hatty,Hawkwood
Shurwood,Gaylor
Amanda,Murrells
Jasun,Renon
Francois,Klus
Nikki,Beran
Briano,Tirte
Kacie,Craufurd
Joseph,Godon
Sharron,Rostron
Keslie,Oddie
Irving,Tedorenko
Faustine,Plom
Kamillah,Benger
Andreas,Dottrell
Stevana,Zarfati
Ozzy,Gynne
Ruggiero,Brewers
Glory,Brea
Sharleen,Jime
Ilario,Tortoise
Johny,Wille
Sibby,Penella
Beltran,Varga
Aurlie,Loveland
Barthel,Valeri
Constancy,Randals
Cassey,Francescoccio
Cathyleen,Demsey
Karney,Howsan
Tarrah,Weldrick
Ulla,Burdon
Marti,Challice
Coletta,Umney
Helga,Lenton
Gina,Stempe
Cornie,Cowderay
Gladi,Asling
Edgard,Bingall
Noah,Maulin
Husain,Caldera
Rahal,Rabbet
Vinson,Polamontayne
Wallace,Bilyard
Gretchen,Hordle
Sherlock,Sorey
Alexia,Cota
Mort,Ambler
Ynes,Kelleher
Andriana,Blockwell
Marillin,Metzke
Nicolette,Mallan
Kirsteni,Orange
