word,class
Deloria,fn
Slate,ln
Deloria,fn
Slate,ln
Atalanta,fn
Brakespear,ln
Atalanta,fn
Brakespear,ln
Sid,fn
Sambles,ln
Sid,fn
Sambles,ln
Den,fn
Bennen,ln
Den,fn
Bennen,ln
Austin,fn
Koopman,ln
Austin,fn
Koopman,ln
Filmer,fn
Amy,ln
Filmer,fn
Amy,ln
Marga,fn
Minelli,ln
Marga,fn
Minelli,ln
Yorgos,fn
McGreil,ln
Yorgos,fn
McGreil,ln
Clayson,fn
Benedikt,ln
Clayson,fn
Benedikt,ln
Jon,fn
Lowles,ln
Jon,fn
Lowles,ln
Victoria,fn
Burrage,ln
Victoria,fn
Burrage,ln
Jacquelyn,fn
Mallabar,ln
Jacquelyn,fn
Mallabar,ln
Carlin,fn
Skep,ln
Carlin,fn
Skep,ln
Christie,fn
Georgeou,ln
Christie,fn
Georgeou,ln
Lissie,fn
Davidman,ln
Lissie,fn
Davidman,ln
Michelle,fn
Riding,ln
Michelle,fn
Riding,ln
Torrey,fn
Head,ln
Torrey,fn
Head,ln
Jozef,fn
Skellern,ln
Jozef,fn
Skellern,ln
Carlynn,fn
Boissieux,ln
Carlynn,fn
Boissieux,ln
Doris,fn
Cawsby,ln
Doris,fn
Cawsby,ln
Correna,fn
Ausello,ln
Correna,fn
Ausello,ln
Jemmy,fn
Ahlin,ln
Jemmy,fn
Ahlin,ln
Tersina,fn
Geeve,ln
Tersina,fn
Geeve,ln
Tatiania,fn
Croydon,ln
Tatiania,fn
Croydon,ln
Emile,fn
Neeson,ln
Emile,fn
Neeson,ln
Vally,fn
Arno,ln
Vally,fn
Arno,ln
Roderich,fn
Leyninye,ln
Roderich,fn
Leyninye,ln
Simone,fn
Simenel,ln
Simone,fn
Simenel,ln
Ilario,fn
Gayne,ln
Ilario,fn
Gayne,ln
Nikos,fn
Gluyus,ln
Nikos,fn
Gluyus,ln
Doreen,fn
Kmiec,ln
Doreen,fn
Kmiec,ln
Xylia,fn
Bidwell,ln
Xylia,fn
Bidwell,ln
Kitti,fn
Ridgwell,ln
Kitti,fn
Ridgwell,ln
Candice,fn
Piesing,ln
Candice,fn
Piesing,ln
Marjorie,fn
Walpole,ln
Marjorie,fn
Walpole,ln
Willy,fn
Acarson,ln
Willy,fn
Acarson,ln
Daloris,fn
Shayler,ln
Daloris,fn
Shayler,ln
Franny,fn
Mellish,ln
Franny,fn
Mellish,ln
Annabel,fn
Greves,ln
Annabel,fn
Greves,ln
Berrie,fn
Kyd,ln
Berrie,fn
Kyd,ln
Richy,fn
Cushworth,ln
Richy,fn
Cushworth,ln
Ewen,fn
Garley,ln
Ewen,fn
Garley,ln
Jewell,fn
Dunkirk,ln
Jewell,fn
Dunkirk,ln
Jeni,fn
Storrier,ln
Jeni,fn
Storrier,ln
Bobbe,fn
Long,ln
Bobbe,fn
Long,ln
Alfi,fn
Gierek,ln
Alfi,fn
Gierek,ln
Stevie,fn
Barsham,ln
Stevie,fn
Barsham,ln
Nellie,fn
O'Scanlon,ln
Nellie,fn
O'Scanlon,ln
Swen,fn
Mandell,ln
Swen,fn
Mandell,ln
Aurora,fn
Turnpenny,ln
Aurora,fn
Turnpenny,ln
Nannie,fn
Kellough,ln
Nannie,fn
Kellough,ln
Melba,fn
Corpe,ln
Melba,fn
Corpe,ln
Elayne,fn
Baggalley,ln
Elayne,fn
Baggalley,ln
Artair,fn
Crush,ln
Artair,fn
Crush,ln
Riccardo,fn
Meas,ln
Riccardo,fn
Meas,ln
Carline,fn
Rathke,ln
Carline,fn
Rathke,ln
Nicolais,fn
Eltone,ln
Nicolais,fn
Eltone,ln
Madalena,fn
Ropert,ln
Madalena,fn
Ropert,ln
Shirley,fn
Kinnerk,ln
Shirley,fn
Kinnerk,ln
Saundra,fn
Kimmitt,ln
Saundra,fn
Kimmitt,ln
Carlina,fn
Mepsted,ln
Carlina,fn
Mepsted,ln
Vere,fn
Starmer,ln
Vere,fn
Starmer,ln
Devy,fn
Tomczykowski,ln
Fax,fn
Esome,ln
Harp,fn
Drepp,ln
Kaiser,fn
Egginton,ln
Yoshiko,fn
Jowle,ln
Nester,fn
Bouldstridge,ln
Sayer,fn
Benka,ln
Maddy,fn
Madeley,ln
Holli,fn
Dunkerley,ln
Carlo,fn
Najera,ln
Stormie,fn
Perello,ln
Elwood,fn
Lighten,ln
Clarette,fn
Chaters,ln
Neils,fn
Baudouin,ln
Andie,fn
Delamar,ln
Saba,fn
Reinmar,ln
Leela,fn
Farish,ln
Lurleen,fn
Byllam,ln
Lorain,fn
Cumberpatch,ln
Trudey,fn
McCaughen,ln
Delcina,fn
Dunckley,ln
Cody,fn
Lilburn,ln
Brand,fn
Feetham,ln
Bartholomew,fn
Debrick,ln
Rania,fn
Kuhnhardt,ln
Guinna,fn
Rousell,ln
Sherill,fn
Yakob,ln
Donna,fn
Godbert,ln
Celka,fn
Sands,ln
Babbie,fn
Handscombe,ln
Anastassia,fn
Kahler,ln
Janeczka,fn
Reignard,ln
Kassandra,fn
World,ln
Darcy,fn
Espadas,ln
Fairleigh,fn
Cribbins,ln
Darby,fn
Treace,ln
Norine,fn
Keith,ln
Kalina,fn
Heberden,ln
Frederique,fn
Robertet,ln
Cornall,fn
Wassung,ln
Kenna,fn
Southcombe,ln
Idette,fn
Organ,ln
Dana,fn
Stithe,ln
Niven,fn
Proctor,ln
Doyle,fn
Conre,ln
Aggy,fn
Dunnet,ln
Carmine,fn
Phelit,ln
Alfons,fn
Dowey,ln
Aggy,fn
Bampford,ln
Karola,fn
McInnery,ln
Kylila,fn
O'Hegertie,ln
Cletis,fn
Tracey,ln
Krystalle,fn
Strainge,ln
Patty,fn
Gloyens,ln
Stanwood,fn
Ronaldson,ln
Elwin,fn
Beaudry,ln
Andrea,fn
Lyddiard,ln
Eddy,fn
Iggalden,ln
Nicoline,fn
Glascott,ln
Mikaela,fn
Verty,ln
Jenna,fn
Rudwell,ln
Hillary,fn
Trim,ln
Lukas,fn
Gilliatt,ln
Kyle,fn
Osselton,ln
Whitney,fn
Warn,ln
Baily,fn
Ivanishin,ln
Misha,fn
Crack,ln
Avrit,fn
Lively,ln
Barnebas,fn
Rawcliff,ln
Marten,fn
Crock,ln
Cheslie,fn
Manssuer,ln
Zuzana,fn
Della,ln
Wade,fn
Itzkovitch,ln
Tammy,fn
Smardon,ln
Dinnie,fn
Leyrroyd,ln
Sumner,fn
Petters,ln
Val,fn
Slevin,ln
Myca,fn
Hove,ln
Emiline,fn
Anan,ln
Byram,fn
Dyshart,ln
Kennan,fn
Merck,ln
Diannne,fn
Innes,ln
Milly,fn
Hugnet,ln
Lyon,fn
Garthside,ln
Poul,fn
Mannock,ln
Moritz,fn
Thame,ln
Odey,fn
Dumingo,ln
Augustine,fn
Carriage,ln
Scott,fn
Temby,ln
Bonnie,fn
Chevalier,ln
Shadow,fn
Fawdry,ln
Cally,fn
Crosier,ln
Letisha,fn
Pyle,ln
Shea,fn
Rosewall,ln
Wendy,fn
Hawksby,ln
Mickie,fn
Cantopher,ln
Mireille,fn
Attawell,ln
Mignon,fn
McClymont,ln
Aubree,fn
Rattray,ln
Morganica,fn
Brockie,ln
Katerine,fn
Bartolijn,ln
Dexter,fn
Hodgets,ln
Alexina,fn
Patten,ln
Mendy,fn
Geraldo,ln
Nerti,fn
Colrein,ln
Harriett,fn
Greetham,ln
Lorne,fn
Vaughten,ln
Jaimie,fn
Caselli,ln
Lamont,fn
Durden,ln
Carlene,fn
Gadie,ln
Chris,fn
Elsbury,ln
Jocko,fn
Swannell,ln
Tom,fn
Lissenden,ln
Onida,fn
Manilo,ln
Turner,fn
Eggins,ln
Adolph,fn
Armatage,ln
Margalit,fn
Stuther,ln
Ivory,fn
Luce,ln
Sunshine,fn
Clawley,ln
Pippy,fn
Ivanichev,ln
Rossie,fn
Rushton,ln
Aviva,fn
Terram,ln
Sue,fn
Sallier,ln
Sherlock,fn
Hallgarth,ln
Mervin,fn
Dran,ln
Rudy,fn
Allbones,ln
Riane,fn
Tabrett,ln
Tabitha,fn
Merryweather,ln
Nathanial,fn
Domenget,ln
Keen,fn
Label,ln
Pat,fn
Wife,ln
Marylinda,fn
Dorkins,ln
Filia,fn
Rosetti,ln
Isabelle,fn
Hamly,ln
Danya,fn
Highway,ln
Marquita,fn
O'Doran,ln
Meade,fn
Dondon,ln
Gordan,fn
Claricoates,ln
Stormi,fn
Runcieman,ln
Emmit,fn
Klas,ln
Lilas,fn
Rathborne,ln
Verile,fn
Bleeze,ln
Otho,fn
Hastin,ln
Mathe,fn
Guilloton,ln
Renell,fn
O'Hallihane,ln
Brittany,fn
Sokell,ln
Chane,fn
Vasin,ln
Bucky,fn
Leatherbarrow,ln
Lannie,fn
Beswick,ln
Meriel,fn
Sturch,ln
Adeline,fn
Stratley,ln
Leah,fn
Nasey,ln
Graig,fn
Cahan,ln
Cristina,fn
Finnes,ln
Cointon,fn
Daw,ln
Ursala,fn
Vanyashkin,ln
Nollie,fn
Stollberg,ln
Robby,fn
Bangs,ln
Manuel,fn
Jobern,ln
Boniface,fn
Oaks,ln
Wilbur,fn
Smart,ln
Bride,fn
Carwithim,ln
Minnnie,fn
Palffy,ln
Cherry,fn
Skeffington,ln
Phelia,fn
Wortt,ln
Gates,fn
De Filippi,ln
Correy,fn
Backson,ln
Raphael,fn
Caulder,ln
Winnifred,fn
Iacovino,ln
Harrie,fn
Pellew,ln
Corie,fn
Tyrone,ln
Ely,fn
Beals,ln
Austine,fn
Roggers,ln
Timmi,fn
Tomaello,ln
Nedi,fn
Solomon,ln
Marwin,fn
Short,ln
Alfy,fn
Candelin,ln
Lorilee,fn
Fonte,ln
Deina,fn
Linder,ln
Glyn,fn
Wilsey,ln
Haslett,fn
Shankland,ln
Caryl,fn
Berisford,ln
Alric,fn
Hookes,ln
Kipper,fn
Wernham,ln
Quentin,fn
Lippitt,ln
Oralla,fn
Hamflett,ln
Myrtia,fn
Gellier,ln
Neall,fn
Beaudry,ln
Philipa,fn
Cattach,ln
Eba,fn
Dumphrey,ln
Wolfie,fn
Linden,ln
Sib,fn
Greenhall,ln
Simone,fn
Gorick,ln
Patty,fn
Halshaw,ln
Camel,fn
Pfaff,ln
Willie,fn
Stocks,ln
Katerina,fn
Cavalier,ln
Cindelyn,fn
Sallnow,ln
Ileana,fn
Woehler,ln
Timi,fn
Conre,ln
Alastair,fn
Surmeyers,ln
Jonathan,fn
Sandwick,ln
Mira,fn
Sagerson,ln
Nadia,fn
Beresfore,ln
Zuzana,fn
Loyns,ln
Aviva,fn
Collcott,ln
Nadine,fn
Casbon,ln
Pavia,fn
Cheake,ln
Bob,fn
Hauch,ln
Silvanus,fn
Rraundl,ln
Dael,fn
Tripean,ln
Sophie,fn
Lidbetter,ln
Cornie,fn
Stiegar,ln
Bernette,fn
Chastey,ln
Gisela,fn
Fero,ln
Joyce,fn
Sunter,ln
Fredelia,fn
Holde,ln
Luis,fn
Dowbakin,ln
Prent,fn
Wilcinskis,ln
Rodrigo,fn
Mincher,ln
Boothe,fn
Shalcras,ln
Cleo,fn
Tytcomb,ln
Bobbie,fn
Dunsmore,ln
Rozelle,fn
Ricson,ln
Sukey,fn
Morrowe,ln
Doug,fn
Dinneen,ln
Shanna,fn
Bruckent,ln
Robinet,fn
Boldt,ln
Miguel,fn
Bwy,ln
Dolph,fn
Skakunas,ln
Donavon,fn
Butler,ln
Kylynn,fn
Grishanin,ln
Garnet,fn
Colley,ln
Kyla,fn
Sawforde,ln
Alysia,fn
Loukes,ln
Coretta,fn
Aykroyd,ln
Delbert,fn
Assiter,ln
Anson,fn
Kenlin,ln
Claudianus,fn
Sutliff,ln
Dulci,fn
Neller,ln
Dag,fn
Szymaniak,ln
Ricky,fn
Yanne,ln
Shanon,fn
Masic,ln
Alec,fn
McRoberts,ln
Phineas,fn
Iffe,ln
Winfred,fn
Whistlecroft,ln
Carolin,fn
McColm,ln
Joletta,fn
Looks,ln
Marigold,fn
Ashlin,ln
Grace,fn
Odd,ln
Robbyn,fn
Harrison,ln
Gerry,fn
Hallgath,ln
Brandon,fn
Zannotelli,ln
Webster,fn
Guise,ln
Bonni,fn
McGilben,ln
Peria,fn
Crickmore,ln
Yorgos,fn
Leffek,ln
Tallulah,fn
Edon,ln
Jodi,fn
Allon,ln
Jennifer,fn
MacCleod,ln
Maxie,fn
Feldmark,ln
Diana,fn
Connell,ln
Sibby,fn
Readhead,ln
Friedrick,fn
Banfill,ln
Orel,fn
Lunn,ln
Jecho,fn
Glawsop,ln
Allegra,fn
Malatalant,ln
Lisetta,fn
Grund,ln
Marcelle,fn
Derl,ln
Tomkin,fn
Wisniowski,ln
Jemmy,fn
Semken,ln
Taite,fn
Cribbin,ln
Lemmie,fn
Birchwood,ln
Flory,fn
Romayne,ln
Kirby,fn
Heselwood,ln
Joan,fn
Chevin,ln
Rozalie,fn
Stuer,ln
Lanny,fn
McClelland,ln
Karin,fn
Tinham,ln
Jay,fn
Ganter,ln
Lukas,fn
Eatherton,ln
Nial,fn
Minger,ln
Demetre,fn
Bode,ln
Orson,fn
Allsepp,ln
Linea,fn
Polin,ln
Manda,fn
Kardos-Stowe,ln
Sibylle,fn
Vercruysse,ln
Nikola,fn
Jennens,ln
Hewitt,fn
Sandom,ln
Worthy,fn
Crisford,ln
Nadeen,fn
Hinkes,ln
Ophelia,fn
Manns,ln
Merridie,fn
Cawse,ln
Anastasie,fn
Bellenger,ln
Dorie,fn
Beard,ln
Chiarra,fn
McBrady,ln
Roanne,fn
Gurton,ln
Vere,fn
Gavan,ln
Karney,fn
Biernat,ln
Creigh,fn
Kember,ln
Virgil,fn
Meugens,ln
Rafaello,fn
Librey,ln
Stan,fn
Wontner,ln
Britt,fn
Dabel,ln
Vassily,fn
Brun,ln
Antonella,fn
Belasco,ln
Linoel,fn
Zanetto,ln
Nisse,fn
Dignon,ln
Harv,fn
Breadon,ln
Chere,fn
Reen,ln
Gussi,fn
Elijah,ln
Catha,fn
Spellesy,ln
Rosaline,fn
Aires,ln
Niki,fn
Cashell,ln
Paulie,fn
Staker,ln
Angelika,fn
Pridden,ln
Gabbi,fn
Grinsted,ln
Frannie,fn
Goldingay,ln
Ephrayim,fn
Abells,ln
Joel,fn
Mabon,ln
Dorena,fn
Middleditch,ln
Judi,fn
Poel,ln
Garland,fn
Hollindale,ln
Cordi,fn
Middleton,ln
Jamison,fn
Overstreet,ln
Fin,fn
Mazdon,ln
Dasi,fn
Buckston,ln
Petrina,fn
Mobius,ln
Jeana,fn
Vandrill,ln
Ignacius,fn
Tofful,ln
Addie,fn
Bernardotti,ln
Aile,fn
Cronchey,ln
Rufus,fn
Hein,ln
Temp,fn
Hayer,ln
Violet,fn
Cleever,ln
Ermanno,fn
Weall,ln
Cordey,fn
Pease,ln
Roderick,fn
Barnewelle,ln
Urbanus,fn
Ducarel,ln
Avril,fn
Magowan,ln
Rosabella,fn
Cockton,ln
Gnni,fn
Fargher,ln
Maximilien,fn
Hutchins,ln
Gunar,fn
Bamlet,ln
Rheba,fn
Lubomirski,ln
Wendeline,fn
Durden,ln
Charity,fn
Edmunds,ln
Farra,fn
Kemm,ln
Emmanuel,fn
Wiggall,ln
Iolanthe,fn
Gooderick,ln
Inglebert,fn
Ffrench,ln
Dody,fn
Schirok,ln
Modestia,fn
Angrick,ln
Emmy,fn
Putland,ln
Randy,fn
Blomfield,ln
Winfred,fn
Benham,ln
Marilyn,fn
Proctor,ln
Donnell,fn
Andrat,ln
Rachele,fn
Triswell,ln
Willie,fn
Didball,ln
Brandais,fn
Christmas,ln
Erich,fn
Medler,ln
Bobby,fn
Roft,ln
Kalie,fn
Gauche,ln
Elisabeth,fn
Banaszewski,ln
Laurianne,fn
Sebyer,ln
Brodie,fn
Raspin,ln
Stanford,fn
Hesse,ln
Thorsten,fn
Mapp,ln
Darcy,fn
Slarke,ln
Joli,fn
Bonus,ln
Vickie,fn
Kilby,ln
Cari,fn
Coom,ln
Ardelia,fn
Partrick,ln
Jannelle,fn
Rowler,ln
Fianna,fn
Trobey,ln
Philipa,fn
Mynott,ln
Kippy,fn
Tremouille,ln
Noel,fn
Gave,ln
Aurthur,fn
Trahar,ln
Ulla,fn
Yaneev,ln
Therese,fn
Legonidec,ln
Harlene,fn
Willgoose,ln
Tracie,fn
Paxman,ln
Kala,fn
Harcarse,ln
Lionello,fn
Demetr,ln
Merla,fn
Arpe,ln
Perry,fn
Di Roberto,ln
Matthiew,fn
Finlry,ln
Bentlee,fn
Bossons,ln
Ad,fn
Brack,ln
Sande,fn
Thunnercliffe,ln
Roxane,fn
Brandham,ln
Paulette,fn
Eastmead,ln
Gothart,fn
Gaywood,ln
Rafaelita,fn
Maharey,ln
Nancy,fn
Bigglestone,ln
Skip,fn
Rosenschein,ln
Staffard,fn
Gamett,ln
Ulrick,fn
Quarles,ln
Skyler,fn
Cawthery,ln
Clementina,fn
Huntriss,ln
Star,fn
Cotter,ln
Pauli,fn
Rocks,ln
Niels,fn
Raffan,ln
Baudoin,fn
Mitchel,ln
Ynes,fn
Bogaert,ln
Aviva,fn
Killick,ln
Orelle,fn
Antonopoulos,ln
Kelbee,fn
Cecere,ln
Violet,fn
Milsom,ln
Ceciley,fn
Donke,ln
Herb,fn
Jennemann,ln
Obadias,fn
Demeter,ln
Zelig,fn
Brower,ln
Charley,fn
Debill,ln
Hertha,fn
Strangeway,ln
Mareah,fn
Stannislawski,ln
Silvester,fn
Terbruggen,ln
Marget,fn
Bachmann,ln
Dorolice,fn
Bucky,ln
Haven,fn
Rivitt,ln
Willard,fn
Chene,ln
Tedi,fn
Omond,ln
Abbott,fn
Proudley,ln
Dorisa,fn
Pickston,ln
Lauree,fn
Wilfling,ln
Timmie,fn
Odda,ln
Dannye,fn
Ilyas,ln
Christi,fn
Maleney,ln
Mickey,fn
Smiz,ln
Indira,fn
Bubbear,ln
Emmerich,fn
Roselli,ln
Marlee,fn
Haycroft,ln
Wallis,fn
Matchett,ln
Erin,fn
McCourt,ln
Lia,fn
McGilleghole,ln
Melba,fn
Jermyn,ln
Beverlie,fn
Morritt,ln
Mei,fn
Dyett,ln
Lucius,fn
Lushey,ln
Fred,fn
Bamblett,ln
Theo,fn
Seagrave,ln
Jerome,fn
Minister,ln
Blancha,fn
Wortman,ln
Ivory,fn
Deners,ln
Nissy,fn
Greenshiels,ln
Fran,fn
Senescall,ln
Ham,fn
Mumbey,ln
Rusty,fn
Everist,ln
Masha,fn
Mousley,ln
Thia,fn
Cadwell,ln
Galvan,fn
Filtness,ln
Merle,fn
Betton,ln
Mari,fn
Legier,ln
Shelley,fn
Croxall,ln
Jesse,fn
Roubert,ln
Cecil,fn
Crutcher,ln
Martino,fn
Blacksland,ln
Moreen,fn
Alywen,ln
Alidia,fn
Chisnall,ln
Tallia,fn
Palomba,ln
Kathryn,fn
Mager,ln
Ryon,fn
Worpole,ln
Ros,fn
Sharpley,ln
Duncan,fn
Beales,ln
Bradney,fn
Passy,ln
Freeland,fn
Caskey,ln
Alissa,fn
Youings,ln
Seka,fn
Lusher,ln
Lisabeth,fn
Boylin,ln
Cherri,fn
Yankeev,ln
Arlena,fn
Sharrocks,ln
Cleve,fn
Foale,ln
Glory,fn
Makinson,ln
Persis,fn
Aughtie,ln
Charmian,fn
Nutman,ln
Foster,fn
Pinckney,ln
Abeu,fn
Jerschke,ln
Juliette,fn
Caghy,ln
Peta,fn
Mosdill,ln
Grenville,fn
Cumberledge,ln
Nichole,fn
Sammars,ln
Morry,fn
Gullick,ln
Liuka,fn
Koppe,ln
Camey,fn
Merigeau,ln
Paddy,fn
Kingaby,ln
Ellyn,fn
Dunbavin,ln
Annabell,fn
De Ferrari,ln
Eryn,fn
De Cleen,ln
Elysee,fn
Lindgren,ln
Luci,fn
Feldhammer,ln
Chelsey,fn
MacCoveney,ln
Chiquia,fn
Stockton,ln
Garold,fn
Pieracci,ln
Vannie,fn
Bulpitt,ln
Vasily,fn
Morrice,ln
Deborah,fn
Romagnosi,ln
Whittaker,fn
Vittore,ln
Stacia,fn
Havick,ln
Angele,fn
Spriggin,ln
Zaria,fn
Yusupov,ln
Liuka,fn
Hasker,ln
Ulberto,fn
Fenne,ln
Cindee,fn
Prier,ln
Brittney,fn
Vaisey,ln
Beryle,fn
Rothermel,ln
Pauline,fn
Wollard,ln
Melisande,fn
Dumberrill,ln
Towny,fn
Frankiewicz,ln
Quentin,fn
Verdon,ln
Onfre,fn
Puckinghorne,ln
Lamar,fn
Gason,ln
Iver,fn
Karppi,ln
Ilse,fn
Issit,ln
Ingeberg,fn
Issac,ln
Isidor,fn
Mabb,ln
Stormy,fn
Eskriett,ln
Orly,fn
Polino,ln
Vic,fn
Heathwood,ln
Cristy,fn
Axton,ln
Ellerey,fn
Reinhardt,ln
Hobie,fn
Shipston,ln
Nada,fn
Iorillo,ln
Benedetto,fn
Woolatt,ln
Noe,fn
Vase,ln
Oswald,fn
Larrosa,ln
Pryce,fn
Reimer,ln
Ajay,fn
Izhakov,ln
Merwyn,fn
Biffin,ln
Jobye,fn
Whiskerd,ln
Teodoro,fn
Hamal,ln
Deena,fn
Heddy,ln
Frasquito,fn
MacEnelly,ln
Ailsun,fn
Safont,ln
Godart,fn
Balloch,ln
Morie,fn
Curwen,ln
Allin,fn
O'Mahoney,ln
Alanna,fn
Lawther,ln
Papagena,fn
Gillogley,ln
Loy,fn
Dickerson,ln
Elladine,fn
Tommasi,ln
Marylynne,fn
Verrall,ln
Vassily,fn
Trevan,ln
Wilmar,fn
Cranmor,ln
Hercule,fn
Flament,ln
Neill,fn
Marran,ln
Sholom,fn
Murrell,ln
Johnny,fn
Braker,ln
Elayne,fn
Gotliffe,ln
Dino,fn
Dulany,ln
Anitra,fn
Broke,ln
Urson,fn
Brockton,ln
Daryn,fn
Dorbon,ln
Stanford,fn
Cahani,ln
Georg,fn
Riddall,ln
Amandi,fn
Donohoe,ln
Dominique,fn
McGown,ln
Michale,fn
Etridge,ln
Carey,fn
Hamon,ln
Heidie,fn
Dyers,ln
Fielding,fn
Spears,ln
Lynsey,fn
Kittles,ln
Christi,fn
Freeborn,ln
Glen,fn
Heck,ln
Chic,fn
Larner,ln
Retha,fn
Maseres,ln
Davidson,fn
Glison,ln
Tonnie,fn
Attaway,ln
Ludwig,fn
Peacock,ln
Stacee,fn
Eschalette,ln
Meade,fn
Larking,ln
Mason,fn
Chadney,ln
Harrie,fn
McSwan,ln
Jermaine,fn
Chopping,ln
Lani,fn
Hanrahan,ln
Jenica,fn
Bagger,ln
Rochester,fn
Dodgshun,ln
Wells,fn
Payle,ln
Benjy,fn
Srawley,ln
Pammi,fn
Cattini,ln
Jammie,fn
MattiCCI,ln
Dacey,fn
Wassung,ln
Silva,fn
Manvelle,ln
Roman,fn
Ridgers,ln
Moise,fn
Gheorghie,ln
Manfred,fn
Batcock,ln
Gerri,fn
Karpfen,ln
Madelene,fn
Ostridge,ln
Coop,fn
Balsom,ln
Matteo,fn
Eary,ln
Brenna,fn
Janecki,ln
Corri,fn
Mixer,ln
Jory,fn
Huller,ln
Golda,fn
Osgardby,ln
Rockwell,fn
Caze,ln
Wald,fn
MacTerrelly,ln
Crichton,fn
Andor,ln
Kimball,fn
Takkos,ln
Banky,fn
Fazzioli,ln
Reed,fn
Leeman,ln
Harriot,fn
Leeds,ln
Prudy,fn
Beal,ln
Iormina,fn
Pelcheur,ln
Dannie,fn
Comberbach,ln
Elnore,fn
Dawtry,ln
Mindy,fn
Drews,ln
Loralee,fn
Helleckas,ln
Emiline,fn
Inchcomb,ln
Robinia,fn
Butson,ln
Lanni,fn
Sone,ln
Kendrick,fn
Burel,ln
Hilda,fn
Reynault,ln
Benni,fn
Gascoigne,ln
Horatio,fn
Snowdon,ln
Moishe,fn
Myers,ln
Nobe,fn
Rochester,ln
Almeria,fn
Purshouse,ln
Giulia,fn
Stuke,ln
Roi,fn
Penning,ln
Eolanda,fn
Hayley,ln
Enrika,fn
Peace,ln
Haskel,fn
Pinckard,ln
Delbert,fn
Kirkwood,ln
Lonni,fn
Klulisek,ln
Earle,fn
Qualtrough,ln
Ellette,fn
Segges,ln
Gilberta,fn
Woodworth,ln
Lewie,fn
Goning,ln
Tine,fn
Groome,ln
Stirling,fn
Seagood,ln
Evangeline,fn
Vinas,ln
Roselia,fn
Monk,ln
Blake,fn
Eisikowitch,ln
Clerkclaude,fn
Ingleston,ln
Kendrick,fn
Boldry,ln
Octavius,fn
Petofi,ln
Myrtle,fn
Easman,ln
Maryjo,fn
Finley,ln
Timi,fn
Winslet,ln
Ripley,fn
Huot,ln
Matthieu,fn
Caghan,ln
Holmes,fn
Bagenal,ln
Banky,fn
Riehm,ln
Arel,fn
Perring,ln
Joell,fn
Loads,ln
Cy,fn
Endecott,ln
Stern,fn
Overy,ln
Otha,fn
Spare,ln
Humfrey,fn
Togher,ln
Cassi,fn
Hincks,ln
Arda,fn
Chesswas,ln
Angelique,fn
Leivesley,ln
Benni,fn
Bollom,ln
Abra,fn
Goudy,ln
Elita,fn
Custed,ln
Lurette,fn
Milius,ln
Lizette,fn
Quarrington,ln
Rollins,fn
Exter,ln
Perl,fn
Bountiff,ln
Robbyn,fn
Fores,ln
Marybeth,fn
Trencher,ln
Karia,fn
Thomke,ln
Roxane,fn
Youens,ln
Hoebart,fn
Cahalin,ln
Shirline,fn
MacCrosson,ln
Candy,fn
Mein,ln
Frants,fn
Tomlett,ln
Frayda,fn
Grimwood,ln
Clair,fn
Swadlin,ln
Belva,fn
Derham,ln
Man,fn
MacTrusty,ln
Vivian,fn
Stonestreet,ln
Saree,fn
Diamond,ln
Allianora,fn
Nosworthy,ln
Brandi,fn
Mussard,ln
Cyrus,fn
Weigh,ln
Carolus,fn
Anshell,ln
Andie,fn
Haysey,ln
Even,fn
Boutcher,ln
Rachelle,fn
Daubeny,ln
Shaylyn,fn
Parsisson,ln
Allyn,fn
MacConnulty,ln
Bili,fn
Rabbitt,ln
Maurita,fn
Cornill,ln
Mady,fn
Sprigg,ln
Roxy,fn
Braidon,ln
Marci,fn
Hucke,ln
Augusta,fn
Grieveson,ln
Conn,fn
Bau,ln
Merwin,fn
Fairbridge,ln
Steven,fn
Begg,ln
Donal,fn
Burel,ln
Chrissie,fn
Capewell,ln
Jermaine,fn
Pretor,ln
Anthony,fn
Birchall,ln
Cara,fn
De Bellis,ln
Ward,fn
Ovanesian,ln
Codie,fn
Gristhwaite,ln
Evangeline,fn
Haugen,ln
Iris,fn
Ropartz,ln
Sonnie,fn
MacGorrie,ln
Margret,fn
MacRorie,ln
Collen,fn
Waren,ln
Adan,fn
Jacques,ln
Fairleigh,fn
Jeff,ln
Miranda,fn
Frangello,ln
Tammy,fn
Petigrew,ln
Leonard,fn
Hofner,ln
Bessie,fn
Titchard,ln
Asher,fn
Hlavac,ln
Dorelia,fn
Markel,ln
Rowland,fn
Glazer,ln
Garik,fn
Sibbering,ln
Langston,fn
Postins,ln
Kai,fn
Yarnold,ln
Anabal,fn
Disman,ln
Elbertina,fn
Fevier,ln
Garrick,fn
Tanzer,ln
Sansone,fn
Bollin,ln
Had,fn
Tytterton,ln
Venus,fn
Holdron,ln
Robena,fn
Stalf,ln
Tan,fn
Meriet,ln
Frederica,fn
Longhorne,ln
Philippine,fn
Jovey,ln
Violette,fn
Sedger,ln
Gussi,fn
Gannaway,ln
Arron,fn
Shimony,ln
Tabbatha,fn
Ranscomb,ln
Tarra,fn
Burkart,ln
Dulcinea,fn
Hefford,ln
Jacinthe,fn
Lownie,ln
Julio,fn
Nerger,ln
Rossie,fn
Grishagin,ln
Therine,fn
Pele,ln
Grata,fn
Leyburn,ln
Syman,fn
Blowin,ln
Jamaal,fn
Winspurr,ln
Keen,fn
Caird,ln
Marco,fn
Meldon,ln
Wyatt,fn
Wigelsworth,ln
Homer,fn
Kohrt,ln
Olva,fn
Hessle,ln
Flory,fn
McKinnell,ln
Shawn,fn
Blumer,ln
Wenona,fn
Yorkston,ln
Serge,fn
Pearn,ln
Ursala,fn
Hawkett,ln
Mariya,fn
McKern,ln
Steffi,fn
de Werk,ln
Enrichetta,fn
Comar,ln
Joy,fn
Fewster,ln
Korney,fn
Gatteridge,ln
Eda,fn
Finders,ln
Garek,fn
Osband,ln
Del,fn
Tomasi,ln
Tana,fn
Cockaday,ln
Ramsey,fn
Wolton,ln
Dermot,fn
Grason,ln
Anet,fn
Renachowski,ln
Dulcea,fn
Howerd,ln
Berget,fn
Lourenco,ln
Kerri,fn
Conisbee,ln
Devora,fn
Molohan,ln
Izzy,fn
Cammell,ln
Rance,fn
Haymes,ln
Janey,fn
De Francesco,ln
Vickie,fn
Mole,ln
Rahel,fn
Staresmeare,ln
Robby,fn
Mantz,ln
Milzie,fn
Helian,ln
Nancie,fn
Stoodley,ln
Deni,fn
Yosifov,ln
Ingeberg,fn
Dufton,ln
Tait,fn
Farmiloe,ln
Kitty,fn
Radband,ln
Nerty,fn
Caen,ln
Mersey,fn
Lenox,ln
Rafaela,fn
Camoys,ln
Moses,fn
Dowears,ln
Melodee,fn
Zaczek,ln
Pincus,fn
Macrae,ln
Terese,fn
Eagleston,ln
Rhonda,fn
Fisher,ln
Malinda,fn
Grewes,ln
Carolin,fn
Escot,ln
Pascale,fn
Cirlos,ln
Mora,fn
Bottell,ln
Martynne,fn
Gavozzi,ln
Brennan,fn
Crossfeld,ln
Tito,fn
Ades,ln
Matthaeus,fn
Bench,ln
Barbaraanne,fn
Bruty,ln
Heddi,fn
Neve,ln
Winny,fn
Gricks,ln
Karee,fn
Son,ln
Nicole,fn
Hull,ln
Belia,fn
Eckert,ln
Bald,fn
Medforth,ln
Win,fn
Skey,ln
Chalmers,fn
Chivers,ln
Britney,fn
Abley,ln
Westbrook,fn
Hurll,ln
Rusty,fn
Kubczak,ln
Eugene,fn
Skarr,ln
Lorenzo,fn
Purchon,ln
Mose,fn
Moreing,ln
Corbie,fn
Fritche,ln
Pavla,fn
Chason,ln
Hildagarde,fn
Bradlaugh,ln
La verne,fn
Tomadoni,ln
Skye,fn
Barker,ln
Saidee,fn
Spendley,ln
Pauly,fn
Baldazzi,ln
Rubin,fn
Bredbury,ln
Amabel,fn
De Vaar,ln
Desirae,fn
Weatherall,ln
Anya,fn
Hovey,ln
Darnell,fn
Marley,ln
Milty,fn
Giacopini,ln
Anselma,fn
Iwaszkiewicz,ln
Rebekkah,fn
Donegan,ln
Carena,fn
Keeting,ln
Abey,fn
Lamar,ln
Nicolai,fn
Crowest,ln
Lanita,fn
Abrahamowitcz,ln
Fin,fn
Seyffert,ln
Pam,fn
Colclough,ln
Myriam,fn
Filippucci,ln
Norby,fn
Cossans,ln
Melamie,fn
Ledekker,ln
Rufe,fn
Mauditt,ln
Ania,fn
Waddoups,ln
Jobey,fn
Fonso,ln
Jonie,fn
Keneforde,ln
Letisha,fn
Trippack,ln
Eryn,fn
Harrad,ln
Tanner,fn
Utting,ln
Blinny,fn
Ibbison,ln
Ravid,fn
Thursby,ln
Adrianna,fn
Rigden,ln
Sherwood,fn
Lapsley,ln
Barbee,fn
Griffe,ln
Cirstoforo,fn
Shivell,ln
Michel,fn
Looby,ln
Maribelle,fn
Oseland,ln
Ansell,fn
Manklow,ln
Clovis,fn
Lascelles,ln
Daryl,fn
Heape,ln
Herman,fn
Brookton,ln
Benedetto,fn
Nield,ln
Justinian,fn
Bastiman,ln
Liane,fn
Chorley,ln
Nert,fn
Adaway,ln
Cal,fn
Thurlow,ln
Kalle,fn
Woodburn,ln
Vasili,fn
D'Avaux,ln
Courtenay,fn
Gieves,ln
Ofilia,fn
Glasspoole,ln
Willa,fn
Leblanc,ln
Mendie,fn
Grimbleby,ln
Joceline,fn
Maddrell,ln
Zilvia,fn
Pixton,ln
Linnell,fn
Castiblanco,ln
Melamie,fn
Saur,ln
Jewell,fn
Rule,ln
Meg,fn
Milsom,ln
Madella,fn
Edgars,ln
Luciano,fn
Seyers,ln
Allx,fn
Heinl,ln
Angeline,fn
Wroath,ln
Desirae,fn
Shemmin,ln
Aloisia,fn
MacCoveney,ln
Keith,fn
Meas,ln
Rufus,fn
Svanini,ln
Theodor,fn
Songist,ln
Doe,fn
Bolden,ln
Brendin,fn
Benzi,ln
Mira,fn
Enoksson,ln
Vernor,fn
Leak,ln
Myron,fn
Neilson,ln
Zed,fn
Reinger,ln
Adelind,fn
Witul,ln
Margret,fn
Stoad,ln
Ally,fn
Frankish,ln
Ric,fn
Trustie,ln
Janos,fn
Lusgdin,ln
Finlay,fn
Arnson,ln
Allis,fn
Brunt,ln
Devonna,fn
Geyton,ln
Gottfried,fn
Mingauld,ln
Cherida,fn
Blampy,ln
Cyrus,fn
Gerson,ln
Zarah,fn
Gino,ln
Elianora,fn
Circuitt,ln
Chadwick,fn
Tilsley,ln
Charlean,fn
Eim,ln
Cherin,fn
Lefort,ln
Ula,fn
Coolican,ln
Eldon,fn
Soden,ln
Cobbie,fn
Glen,ln
Maura,fn
Saph,ln
Claude,fn
Treadger,ln
Bailie,fn
Ledgerton,ln
Shirlee,fn
Poplee,ln
Scotty,fn
Lude,ln
Kamilah,fn
Jennens,ln
Ric,fn
Hollyland,ln
Judie,fn
Bradie,ln
Ichabod,fn
Tanguy,ln
Mirna,fn
Matejka,ln
Giuseppe,fn
Gwin,ln
Hally,fn
Tinn,ln
Thomasa,fn
Mc Ilwrick,ln
Maribel,fn
Dadds,ln
Aristotle,fn
Readitt,ln
Meagan,fn
Priestner,ln
Claybourne,fn
Broggini,ln
Claudette,fn
Derisly,ln
Lyn,fn
Farrall,ln
Ernestine,fn
Camamill,ln
Kalle,fn
Goldstraw,ln
Agnesse,fn
Cogdon,ln
Leeland,fn
Jarville,ln
Kesley,fn
Swanson,ln
Hilliary,fn
Verrick,ln
Eugenio,fn
Taig,ln
Hansiain,fn
Brands,ln
Timothea,fn
Moatt,ln
Clayton,fn
Hooban,ln
Ajay,fn
Borrett,ln
Orbadiah,fn
Tabrett,ln
Else,fn
Elsay,ln
Adan,fn
Edgecumbe,ln
Piotr,fn
Drayn,ln
Hort,fn
Smithers,ln
Miquela,fn
Blazy,ln
